<?xml version="1.0" encoding="UTF-8"?>
<beans xmlns="http://www.springframework.org/schema/beans"
	xmlns:xsi="http://www.w3.org/2001/XMLSchema-instance"
	xsi:schemaLocation="http://www.springframework.org/schema/beans http://www.springframework.org/schema/beans/spring-beans.xsd">

	<bean class="org.springframework.beans.factory.annotation.AutowiredAnnotationBeanPostProcessor"></bean>

	<bean id="time" class="spring_app04.NowTime"></bean>
	<bean id="a" class="spring_app04.GreetingImple">
		<property name="msg" value="잘찍히나?"></property>	
	</bean>
</beans>
