<?xml version="1.0" encoding="UTF-8"?>
<beans xmlns="http://www.springframework.org/schema/beans"
	xmlns:xsi="http://www.w3.org/2001/XMLSchema-instance"
	xmlns:mvc="http://www.springframework.org/schema/mvc"
	xmlns:p="http://www.springframework.org/schema/p"
	xsi:schemaLocation="http://www.springframework.org/schema/beans http://www.springframework.org/schema/beans/spring-beans.xsd
		http://www.springframework.org/schema/mvc http://www.springframework.org/schema/mvc/spring-mvc-4.3.xsd">
<!-- 
	<bean id="internalResourceViewResolver" class="org.springframework.web.servlet.view.InternalResourceViewResolver">
		<property name="prefix" value="/views/"></property>
		<property name="suffix" value=".jsp"></property>
	</bean>
	<bean id= "/test.do" class="spring_web08.ImplementController"></bean>


<bean id="internalResourceViewResolver" class="org.springframework.web.servlet.view.InternalResourceViewResolver" p:prefix="/WEB-INF/views" p:suffix=".jsp"></bean>
-->
<mvc:view-resolvers>
	<mvc:jsp prefix="/views/" suffix=".jsp" />
</mvc:view-resolvers>
</beans>
