<?xml version="1.0" encoding="UTF-8"?>
<beans xmlns="http://www.springframework.org/schema/beans"
	xmlns:xsi="http://www.w3.org/2001/XMLSchema-instance"
	xsi:schemaLocation="http://www.springframework.org/schema/beans http://www.springframework.org/schema/beans/spring-beans.xsd">

	<bean id="g1" class="spring_app03.Gun"></bean>
	<bean id="s1" class="spring_app03.StunGun"></bean>
	<bean id="p1" class="spring_app03.Police">
		<!-- 생성자가 없으면 getter, setter로 넘겨주고 property로 받는다. -->
		<property name="hp" value="150"></property>
		<property name="w" ref="s1"></property>	
	</bean>
	
	<bean id="sniper" class="spring_app03.Sniper">
		<constructor-arg index="0" ref="g1"></constructor-arg> <!-- 배열처럼 index를 이용하여 받아온다. -->
		<constructor-arg index="1" value="98"></constructor-arg>
	</bean>

</beans>
