<?xml version="1.0" encoding="UTF-8" ?> 
 <beans xmlns="http://www.springframework.org/schema/beans" xmlns:xsi="http://www.w3.org/2001/XMLSchema-instance" xsi:schemaLocation="http://www.springframework.org/schema/beans http://www.springframework.org/schema/beans/spring-beans.xsd">
 <bean id="g1" class="spring_app03.Gun" /> 
 <bean id="s1" class="spring_app03.StunGun" /> 
 <bean id="p1" class="spring_app03.Police">
  <property name="hp" value="150" />
  <property name="w" ref="s1" /> 
 </bean>
 <bean id="sniper" class="spring_app03.Sniper">
  <constructor-arg index="0" ref="g1" /> 
  <constructor-arg index="1" value="98" /> 
 </bean>
 </beans>