<?xml version="1.0" encoding="UTF-8"?>
<beans xmlns="http://www.springframework.org/schema/beans"
	xmlns:xsi="http://www.w3.org/2001/XMLSchema-instance"
	xsi:schemaLocation="http://www.springframework.org/schema/beans http://www.springframework.org/schema/beans/spring-beans.xsd">
	<bean id="hijack" class="spring_aop01.HijackBeforeMethodAdvice" />
	<bean id="biz" class="spring_aop01.CustomerImple">
		<property name="email" value="aaa@naver.com" />
		<property name="name" value="홍길동" />
	</bean>
	<bean id="a" class="org.springframework.aop.framework.ProxyFactoryBean">
		<property name="target"	ref="biz" />
		<property name="interceptorNames" value="hijack" />
	</bean>
</beans>
