<?xml version="1.0" encoding="UTF-8"?>
<!DOCTYPE mapper
PUBLIC "-//mybatis.org/DTD Mapper 3.0//EN"
"http://mybatis.org/dtd/mybatis-3-mapper.dtd">

<mapper namespace=" ">
	<select id="selectAll" resultType="DeptDTO">
		select * from dept
	</select>
	<select id="selectOneByDept" resultType="DeptDTO">
		select * from dept where deptno=#{deptno}
	</select>
	<insert id="insertOneByDept" parameterType="DeptDTO">
		insert into dept(deptno, dname, loc) values(#{deptno}, #{dname}, #{loc})
	</insert>
	<update id="updateOneByDept" parameterType="DeptDTO">
		update dept set dname= #{dname}, loc=#{loc} where deptno=#{deptno}
	</update>
	<delete id="deleteOneByDept" parameterType="int">
		delete from dept where deptno=#{deptno}
	</delete>
</mapper>