<?xml version="1.0" encoding="UTF-8"?>
<beans xmlns="http://www.springframework.org/schema/beans"
	xmlns:xsi="http://www.w3.org/2001/XMLSchema-instance"
	xsi:schemaLocation="http://www.springframework.org/schema/beans http://www.springframework.org/schema/beans/spring-beans.xsd">

<bean id="simpleUrlHandlerMapping" class="org.springframework.web.servlet.handler.SimpleUrlHandlerMapping">
	<property name="mappings">
		<props>
			<prop key="/now.do">now</prop>		
		</props>
	</property>
</bean>

<bean id="internalResourceViewResolver" class="org.springframework.web.servlet.view.InternalResourceViewResolver">
	<property name="prefix" value="/jsp/" />
	<property name="suffix" value=".jsp" />
</bean>

<bean id="now" class="spring_web06.NowController"></bean>
</beans>
