<?xml version="1.0" encoding="UTF-8"?>
<!DOCTYPE mapper
 PUBLIC "-//mybatis.org//DTD Mapper 3.0//EN"
 "http://mybatis.org/dtd/mybatis-3-mapper.dtd">
 
 <mapper namespace=" ">
  	<select id="selectAll" resultType="EmpDTO">
  		select * from emp
  	</select>
  	<select id="selectOneByEmp" parameterType="int" resultType="EmpDTO">
		select * from emp where empno= #{empno}
	</select>
	<insert id="insertOneByEmp" parameterType="EmpDTO">
		insert into emp(empno, ename, sal, deptno) values(#{empno}, #{ename}, #{sal}, #{deptno})
	</insert>
	<update id="updateOneByEmp" parameterType="EmpDTO">
		update emp set ename=#{ename}, deptno=#{deptno} where empno=#{empno}
	</update>
	<delete id="deleteOneByEmp" parameterType="int">
		delete emp where empno=#{empno}
	</delete>
 </mapper>