<?xml version="1.0" encoding="UTF-8"?>
<!DOCTYPE mapper
  PUBLIC "-//mybatis.org//DTD Mapper 3.0//EN"
  "http://mybatis.org/dtd/mybatis-3-mapper.dtd">
<mapper namespace=" ">
<select id="selectBoardList" resultType="dto">
	SELECT BRDNO, BRDTITLE, BRDWRITER, TO_CHAR(BRDDATE,'yyyy-mm-dd') BRDDATE
    FROM TBL_BOARD
    ORDER BY BRDNO DESC 
</select>
<select id="selectBoardOne" parameterType="String" resultType="dto">
	SELECT BRDNO, BRDTITLE, BRDWRITER, BRDMEMO, BRDDATE
	FROM TBL_BOARD
	WHERE BRDNO=#{brdno}
</select> 
<insert id="insertBoard" parameterType="dto">
	INSERT INTO TBL_BOARD(BRDNO, BRDTITLE, BRDWRITER, BRDMEMO, BRDDATE)
	VALUES (tbl_seq.NEXTVAL, #{brdtitle}, #{brdwriter}, #{brdmemo}, sysdate )
</insert>
<update id="updateBoard" parameterType="dto">
	UPDATE TBL_BOARD
	SET	BRDTITLE = #{brdtitle}
		, BRDWRITER = #{brdwriter}
		, BRDMEMO = #{brdmemo}
	WHERE BRDNO = #{brdno}
</update>
<delete id="deleteBoardOne" parameterType="String">
	DELETE 
	FROM TBL_BOARD
	WHERE BRDNO=#{brdno}
</delete>
</mapper>