<?xml version="1.0" encoding="UTF-8"?>
<beans xmlns="http://www.springframework.org/schema/beans"
	xmlns:xsi="http://www.w3.org/2001/XMLSchema-instance"
	xsi:schemaLocation="http://www.springframework.org/schema/beans http://www.springframework.org/schema/beans/spring-beans.xsd">
	
	<bean id="hijack" class="spring_aop02.AfterInterceptorAdvice" />
	<bean id="biz" class="spring_aop02.CustomerImple">
		<property name="email" value="Lee@naver.com" />
		<property name="name" value="이순신" />
	</bean>
	<bean id="proxyBean" class="org.springframework.aop.framework.ProxyFactoryBean">
		<property name="target" ref="biz" />
		<property name="interceptorNames" value="hijack" />
	</bean>
</beans>
