<?xml version="1.0" encoding="UTF-8"?>
<beans xmlns="http://www.springframework.org/schema/beans"
	xmlns:xsi="http://www.w3.org/2001/XMLSchema-instance"
	xsi:schemaLocation="http://www.springframework.org/schema/beans http://www.springframework.org/schema/beans/spring-beans.xsd">
	
	<bean id="hijack" class="Advice.HijackAdvice"></bean>
	<bean id="msg" class="spring_aop03.MessageImple">
		<property name="msg" value="내가 다 함" />
	</bean>
	<bean id="proxy" class="org.springframework.aop.framework.ProxyFactoryBean">
		<property name="target" ref="msg"></property>
		<property name="interceptorNames" value="hijack"></property>
	</bean>
</beans>
