<?xml version="1.0" encoding="UTF-8"?>
<beans xmlns="http://www.springframework.org/schema/beans"
	xmlns:xsi="http://www.w3.org/2001/XMLSchema-instance"
	xmlns:context="http://www.springframework.org/schema/context"
	xsi:schemaLocation="http://www.springframework.org/schema/beans http://www.springframework.org/schema/beans/spring-beans.xsd
		http://www.springframework.org/schema/context http://www.springframework.org/schema/context/spring-context-4.3.xsd">

	<context:annotation-config />
	<bean id="os" class="spring_app06.PhoneOs">
		<property name="name" value="안드로이드"></property>
		<property name="version" value="11"></property>
	</bean>
	
	<bean id="p" class="spring_app06.SmartPhone">
		<!--<property name="owner" value="홍길동"></property>-->	
	</bean>
</beans>