<?xml version="1.0" encoding="UTF-8"?>
<beans xmlns="http://www.springframework.org/schema/beans"
	xmlns:xsi="http://www.w3.org/2001/XMLSchema-instance"
	xsi:schemaLocation="http://www.springframework.org/schema/beans http://www.springframework.org/schema/beans/spring-beans.xsd">
	<bean id="beanNameUrlHandlerMapping" class="org.springframework.web.servlet.handler.BeanNameUrlHandlerMapping"></bean>
	<bean id="internalResourceViewResolver" class="org.springframework.web.servlet.view.InternalResourceViewResolver">
		<property name="prefix" value="/jsp/" />
		<property name="suffix" value=".jsp" />
	</bean>
	<bean id="/welcome.hbi" class= "spring_web04.HelloController">
		<property name="name" value="강감찬" />
	</bean>
	<bean id="/now.hbi" class="spring_web04.NowController"></bean>
</beans>
