<?xml version="1.0" encoding="UTF-8"?>
<!DOCTYPE mapper
  PUBLIC "-//mybatis.org//DTD Mapper 3.0//EN"
  "http://mybatis.org/dtd/mybatis-3-mapper.dtd">
  <mapper namespace="memberMapper">
  
  <select id="Login" resultType="int">
  	select count(*) from users u
  	where u.u_id = #{u_id} and u.u_pw = #{u_pw}  
  </select>
  
  <select id="Login_Info" resultType="user">
  	select * from users u
  	where u.u_id = #{u_id} and u.u_pw = #{u_pw}  
  </select>
  <select id="Id_Check" resultType="int">
  	select count(*) from users u
  	where u.u_id = #{u_id}
  </select>
  <insert id="Register">
  	insert into users (u_no, u_id, u_pw)
  	values (users_seq.NEXTVAL, #{u_id}, ${u_pw})
  </insert>
  
  </mapper>