<?xml version="1.0" encoding="UTF-8"?>
<beans xmlns="http://www.springframework.org/schema/beans"
	xmlns:xsi="http://www.w3.org/2001/XMLSchema-instance"
	xmlns:context="http://www.springframework.org/schema/context"
	xsi:schemaLocation="http://www.springframework.org/schema/beans http://www.springframework.org/schema/beans/spring-beans.xsd
		http://www.springframework.org/schema/context http://www.springframework.org/schema/context/spring-context-4.3.xsd">
		
		<context:component-scan base-package="spring_web12.*"></context:component-scan>
		<bean id="dao" class="spring_web12.dao.EmpDao">
			<property name="ss" ref="sqlSessionTemplate"></property>
		</bean>
		
		<bean id="sqlSessionFactoryBean" class="org.mybatis.spring.SqlSessionFactoryBean">
			<property name="dataSource" ref="dataSource" />
			<property name="configLocation" value="/WEB-INF/SqlMapConfig.xml" />
		</bean>
		
		<bean id="property" class="org.springframework.beans.factory.config.PropertyPlaceholderConfigurer">
			<property name="location" value="/WEB-INF/db.properties" />
		</bean>
		
		<bean id="dataSource" class="org.springframework.jdbc.datasource.SimpleDriverDataSource">
			<property name="driverClass" value="${driver}" />
			<property name="url" value="${url}" />
			<property name="username" value="${username}" />
			<property name="password" value="${password}" />
		</bean>
		
		<bean id="sqlSessionTemplate" class="org.mybatis.spring.SqlSessionTemplate">
			<!-- SqlSessionTemplate는 생성자가 필요함 -->
			<constructor-arg ref="sqlSessionFactoryBean"></constructor-arg>
	</bean>

</beans>
