<?xml version="1.0" encoding="UTF-8"?>
<beans xmlns="http://www.springframework.org/schema/beans"
	xmlns:xsi="http://www.w3.org/2001/XMLSchema-instance"
	xmlns:aop="http://www.springframework.org/schema/aop"
	xsi:schemaLocation="http://www.springframework.org/schema/beans http://www.springframework.org/schema/beans/spring-beans.xsd
		http://www.springframework.org/schema/aop http://www.springframework.org/schema/aop/spring-aop-4.3.xsd">
	<bean id="cs" class="spring_aop05.CustomerServiceImple">
		<property name="name" value="홍길동" />
		<property name="email" value="spring_aop05@hong.com" />
	</bean>
	<bean id="ct" class="spring_aop05.CheckTime"></bean>
	<aop:config>
		<aop:aspect id="checkAspect" ref="ct">
	  		<aop:pointcut id="checkPointCut1" expression="execution (public * printName (..))" /> 
	  		<aop:around method="logAround" pointcut-ref="checkPointCut1" /> 
  		</aop:aspect>
  	</aop:config>
</beans>
