<?xml version="1.0" encoding="UTF-8"?>
<!DOCTYPE mapper
  PUBLIC "-//mybatis.org//DTD Mapper 3.0//EN"
  "http://mybatis.org/dtd/mybatis-3-mapper.dtd">
  
  <mapper namespace=" ">
  	 <select id="selectAllEmp" resultType="dto">
  	 	select * from emp order by empno desc
  	 </select>
  	 
  	<insert id="insertOneEmp" parameterType="dto">
  		insert into emp(empno, ename, job, sal, deptno)
  		values (#{empno}, #{ename}, #{job}, #{sal}, #{deptno})
  	</insert>
  	
	<select id="selectBoardOne" parameterType="int" resultType="dto">
		select empno, ename, job, sal, deptno
		from emp
		where empno=#{empno}
	</select>
	
	<update id="updateBoard" parameterType="dto">
	  update emp
	  set ename=#{ename}, job=#{job}, sal=#{sal}, deptno=#{deptno}
	  where = empno=#{empno}
	</update>
	
	<delete id="deleteBoardOne" parameterType="int">
		delete from emp
		where empno=#{empno}	
	</delete>
	
  </mapper>