<?xml version="1.0" encoding="UTF-8"?>
<!DOCTYPE configuration
 PUBLIC "-//mybatis.org//DTD Config 3.0// EN"
 "http://mybatis.org/dtd/mybatis-3-config.dtd">
 
 <configuration>
 	<typeAliases>
 		<typeAlias type="spring_web14.dto.BBS" alias="bbs"/>
 		<typeAlias type="spring_web14.dto.USER" alias="user"/>
 	</typeAliases>
 	<mappers>
 		<mapper resource="spring_web14/resource/bbsMapper.xml"/>
 		<mapper resource="spring_web14/resource/memberMapper.xml"/>
 	</mappers>
 </configuration>