<?xml version="1.0" encoding="UTF-8"?>
<!DOCTYPE configuration
 PUBLIC "-//mybatis.org//DTD Config 3.0//EN"
 "http://mybatis.org/dtd/mybatis-3-config.dtd">
 
 <configuration>
 	<properties resource="resource/db.properties" />
 	<typeAliases>
 		<typeAlias type="spring_app11.dto.EmpDTO" alias="EmpDto"/> 	
 	</typeAliases>
 	<environments default="dev">
 		<environment id="dev">
 			<transactionManager type="JDBC" />
 			<dataSource type="POOLED">
 				<property name="driver" value="${driver}"/>
 				<property name="url" value="${url}"/>
 				<property name="username" value="${username}"/>
 				<property name="password" value="${password}"/>
 			</dataSource> 				
 		</environment> 	
 	</environments>
 	
 	<mappers>
 		<mapper resource="resource/mapper.xml"/>
 	</mappers> 
 
 </configuration>