<?xml version="1.0" encoding="UTF-8"?>
<!DOCTYPE mapper
  PUBLIC "-//mybatis.org//DTD Mapper 3.0//EN"
  "http://mybatis.org/dtd/mybatis-3-mapper.dtd">
  
  <mapper namespace=" ">
  	 <select id="selectAllDept" resultType="dto">
  	 	select * from dept order by deptno desc 	 		 
  	 </select>
  	
  	<insert id="insertOneDept" parameterType="dto" >
  		insert into dept
  		values (#{deptno}, #{dname}, #{loc})
  	</insert>
  	
  	<select id="selectBoardOne" parameterType="int" resultType="dto">
  		select deptno, dname, loc
  		from dept
  		where deptno=#{deptno}
  	</select>
  	
  	<update id="updateBoard" parameterType="dto">
  		update dept
  		set dname = #{dname}
  		,loc = #{loc}
  		where deptno = #{deptno}
  	</update>
  	
  	<delete id="deleteBoardOne" parameterType="int">
  		delete from dept
  		where deptno = #{deptno}  	
  	</delete>
  	
  </mapper>
  
  